<?xml version="1.0" encoding="UTF-8"?>
<exch:BatchHandlingServiceRequest xmlns:ext="http://birsrep.dsh.cms.gov/extension/1.0"
 xmlns:hix-core="http://hix.cms.gov/0.1/hix-core"
 xmlns:i="http://niem.gov/niem/appinfo/2.0"
 xmlns:nc="http://niem.gov/niem/niem-core/2.0"
 xmlns:niem-xsd="http://niem.gov/niem/proxy/xsd/2.0"
 xmlns:s="http://niem.gov/niem/structures/2.0"
 xmlns:exch="http://birsrep.dsh.cms.gov/exchange/1.0"
 xmlns:ns0="http://niem.gov/niem/appinfo/2.1"
 xmlns:xsi="http://www.w3.org/2001/XMLSchema-instance"
 xsi:schemaLocation="http://birsrep.dsh.cms.gov/exchange/1.0 ../XMLschemas/constraint/XMLschemas/exchange/ExchangeModel.xsd">
    <hix-core:BatchMetadata>
        <hix-core:BatchID>2014-03-04T02:01:03Z</hix-core:BatchID>
        <hix-core:BatchPartnerID>03.FFE.PLM.001.001</hix-core:BatchPartnerID>
        <hix-core:BatchAttachmentTotalQuantity>3</hix-core:BatchAttachmentTotalQuantity>
        <ext:BatchCategoryCode>IRS_EOM_IND_REQ</ext:BatchCategoryCode>
        <hix-core:BatchTransmissionQuantity>1</hix-core:BatchTransmissionQuantity>
    </hix-core:BatchMetadata>
    <hix-core:TransmissionMetadata>
        <hix-core:TransmissionAttachmentQuantity>1</hix-core:TransmissionAttachmentQuantity>
        <hix-core:TransmissionSequenceID>1</hix-core:TransmissionSequenceID>
    </hix-core:TransmissionMetadata>
    <ext:ServiceSpecificData>
        <ext:ReportPeriod>
            <nc:YearMonth>2014-02</nc:YearMonth>
        </ext:ReportPeriod>
    </ext:ServiceSpecificData>
    <ext:Attachment>
        <nc:DocumentBinary>
            <hix-core:ChecksumAugmentation>
                <hix-core:MD5ChecksumText>6AE4DAD59568DD0E155999B6DEBA6824</hix-core:MD5ChecksumText>
            </hix-core:ChecksumAugmentation>
            <hix-core:BinarySizeValue>3834</hix-core:BinarySizeValue>
        </nc:DocumentBinary>
        <nc:DocumentFileName>EOM_Request_00001_20140220T181355123Z.xml</nc:DocumentFileName>
        <nc:DocumentSequenceID>00001</nc:DocumentSequenceID>
    </ext:Attachment>
    <ext:Attachment>
        <nc:DocumentBinary>
            <hix-core:ChecksumAugmentation>
                <hix-core:MD5ChecksumText>6AE4DAD59568DD0E155999B6DEBA6824</hix-core:MD5ChecksumText>
            </hix-core:ChecksumAugmentation>
            <hix-core:BinarySizeValue>3834</hix-core:BinarySizeValue>
        </nc:DocumentBinary>
        <nc:DocumentFileName>EOM_Request_00002_20140220T181355123Z.xml</nc:DocumentFileName>
        <nc:DocumentSequenceID>00002</nc:DocumentSequenceID>
    </ext:Attachment>
    <ext:Attachment>
        <nc:DocumentBinary>
            <hix-core:ChecksumAugmentation>
                <hix-core:MD5ChecksumText>6AE4DAD59568DD0E155999B6DEBA6824</hix-core:MD5ChecksumText>
            </hix-core:ChecksumAugmentation>
            <hix-core:BinarySizeValue>3834</hix-core:BinarySizeValue>
        </nc:DocumentBinary>
        <nc:DocumentFileName>EOM_Request_00003_20140220T181355123Z.xml</nc:DocumentFileName>
        <nc:DocumentSequenceID>00003</nc:DocumentSequenceID>
    </ext:Attachment>
</exch:BatchHandlingServiceRequest>
